Username,Firstname,lastname,Email
Angela.Bui,Angela,Bui, abui@usaid.gov
Hamid.Nikpoor,Hamid,Nikpoor, hamid.nikpoor@faa.gov
Miguel.Adams,Miguel,Adams, adamsmg@mcc.gov
Theresa.Beazer,Theresa,Beazer, theresa_beazer@ios.doi.gov
Jayme.Miller,Jayme,Miller, Jayme.miller@faa.gov
Gagan.Anand,Gagan,Anand, gagan.ctr.anand@faa.gov
Will.Gonzalez,Will,Gonzalez, will.gonzalez@faa.gov
Tayo.Olagunju,Tayo,Olagunju, Tayo.Olagunju@faa.gov
Alfonso.Sumpter,Alfonso,Sumpter, sumpteras@state.gov
Elloise.Litulumar,Elloise,Litulumar, elloise.lotoc.ctr@dot.gov
Lydia.Tabi,Lydia,Tabi, lydia.a-ctr.tabi@faa.gov
Kerry.Clemons,Kerry,Clemons, Kerry.Clemons@dot.gov
Judson.Edwards,Judson,Edwards, judson.ctr.edwards@faa.gov
Mohammad.Islam,Mohammad,Islam, mohammad.islam@faa.gov
Ilya.Pistryakov,Ilya,Pistryakov, ilya.pistryakov@faa.gov
Valerie.DeLaine,Valerie,DeLaine, valerie.delaine@faa.gov
Dominic.Ali,Dominic,Ali, dom.ali@faa.gov
Katie.Fenlon,Katie,Fenlon, katie.ctr.fenlon@faa.gov
John.Logan,John,Logan, john.w.logan@faa.gov
Anantha.Srinivasan,Anantha,Srinivasan, Anantha.CTR.Srinivasan@faa.gov
Don.Medaus,Don,Medaus, dieudonne.medaus@faa.gov
Bill.Bowersox,Bill,Bowersox, bill.bowersox@faa.gov
Ronald.Kirkland,Ronald,Kirkland, ronald.ctr.kirkland@faa.gov
Beth.Hill,Beth,Hill, bshill2@tva.gov
Harrison.Pierce,Harrison,Pierce, hpierce@sandiego.gov
Randyll.Newman,Randyll,Newman, randyll.e.newman@ncis.navy.mil
Toni.Main-Valentin,Toni,Main-Valentin, toni.main-valentin@faa.gov
Jan.McCormick,Jan,McCormick, j1mccorm@blm.gov
Steve.Cassil,Steve,Cassil, steve.a-ctr.cassil@faa.gov
Mark.Klotz,Mark,Klotz, mark.ctr.klotz@faa.gov
Tatiana.Rodriguez,Tatiana,Rodriguez, tatiana.ctr.rodriguez@faa.gov
Priscilla.Boaheng,Priscilla,Boaheng, p.boaheng@osmre.gov
Kim.Walker,Kim,Walker, kim.faulkner@faa.gov
Mohamad.Khachab,Mohamad,Khachab, mohamad.y-ctr.khachab@faa.gov
Matt.Cahill,Matt,Cahill, mcahill@osmre.gov
stella.chukwueme,stella,chukwueme, stella.o-ctr.chukwueme@faa.gov
Andrew.Chiang,Andrew,Chiang, andrew_chiang@doioig.gov
Ricky.Stiltner,Ricky,Stiltner, rstiltner@osmre.gov
Ope.Dehinbo,Ope,Dehinbo, ope.dehinbo.ctr@dot.gov
Mahan.Talebian,Mahan,Talebian, mahan.talebian@treasury.gov
Tori.Wiles,Tori,Wiles, tori.ctr.wiles@faa.gov
Melanie.LaChapelle,Melanie,LaChapelle, mlachapelle@blm.gov
Randy.Gyebi,Randy,Gyebi, gyebi.randy.a@dol.gov
Patricia.Beagle.,Patricia,Beagle, patricia.beagle@usda.gov
Egbe.Etchu,Egbe,Etchu, egbe.r.etchu.ctr@mail.mil
Shanan.Levin,Shanan,Levin, shanan.levin@faa.gov
Andrew.Brown,Andrew,Brown, andrew.brown@ed.gov
Ian.Ainoa,Ian,Ainoa, ainoa.ian@epa.gov
Alex.Bahramzadeh,Alex,Bahramzadeh, abahramzadeh@usbr.gov
Amit.Patel,Amit,Patel, amit.d-ctr.patel@faa.gov
Todd.Bonds,Todd,Bonds, todd.bonds@faa.gov
Todd.McKeever,Todd,McKeever, todd.r.mckeever@faa.gov
Simin.Swamy,Simin,Swamy, Simin.S-CTR.Swamy@faa.gov
David.Omorogbe,David,Omorogbe, david.omorogbe@nara.gov
Thomas.Seberger,Thomas,Seberger, tom.seberger@faa.gov
Michael.Taniguchi,Michael,Taniguchi, Michael.taniguchi@faa.gov
Beth.Lucas,Beth,Lucas, lucas.beth@epa.gov
Keith.Chapman,Keith,Chapman, kchapman@osmre.gov
Camilo.Escobar,Camilo,Escobar, Camilo.Escobar@associates.hq.dhs.gov
Garry.Evans,Garry,Evans, Garry.ctr.evans@fa.gov
Etienne.Harrison,Etienne,Harrison, etienne.j-ctr.harrison@faa.gov
Kevin.Laude,Kevin,Laude, kevin.laude@faa.gov
Terry.Fletcher,Terry,Fletcher, terry.j.fletcher@faa.gov
John.Gauntt,John,Gauntt, john.ctr.gauntt@faa.gov
Daniel.Lykins,Daniel,Lykins, daniel.j.lykins@faa.gov
Ted.Rhodes,Ted,Rhodes, ted.rhodes@faa.gov
Ezra.Frager,Ezra,Frager, ezra.frager@hhs.gov
William.Tischler,William,Tischler, william.tischler@hq.dhs.gov
Raymond.Newell,Raymond,Newell, Raymond.H-CTR.Newell@faa.gov
Kyunghyun.Kim,Kyunghyun,Kim, kyunghyun.ctr.kim@faa.gov
Chris.Malitsky,Chris,Malitsky, christopher.malitsky@faa.gov
Jason.Arpino,Jason,Arpino, jason.ctr.arpino@faa.gov
Linda.Santon,Linda,Santon, Linda.Santon@faa.gov
Deborah.Daleo,Deborah,Daleo, Deborah.Daleo@faa.gov
Al.Lopez,Al,Lopez, Alfred.Lopez@bia.gov
Russell.Moises,Russell,Moises, Russell.CTR.Moises@faa.gov
Oren.Weiss,Oren,Weiss, oren.weiss@faa.gov
Robert.Creamer,Robert,Creamer, robert.f.creamer@faa.gov
Amine.Messaoudi,Amine,Messaoudi, amine.messaoudi@va.gov
Donovan.Demshock,Donovan,Demshock, donovan.ctr.demshock@faa.gov
Chrisshawna.Byers,Chrisshawna,Byers, chrisshawna.byers@associates.hq.dhs.gov
Joseph.Salisbury,Joseph,Salisbury, jsalisbury@fec.gov
Madhu.Velamati,Madhu,Velamati, Madhu.CTR.Velamati@faa.gov
Selvi.Krishnan,Selvi,Krishnan, selvi.ctr.krishnan@faa.gov
Drissa.Dao,Drissa,Dao, drissa.ctr.dao@faa.gov
Preston.Farley,Preston,Farley, preston.l.farley@faa.gov
Jeff.Levy,Jeff,Levy, jeff_levy@nps.gov
linh.ngo,linh,ngo, linh.ngo@faa.gov
Ricardo.Santos,Ricardo,Santos, ricardo.santos@hq.dhs.gov
Terrance.Mullen,Terrance,Mullen, terrance.mullen@bia.gov
Muuya.Muuya,Muuya,Muuya, muuya.k-ctr.muuya@faa.gov
Allen.Zorn,Allen,Zorn, Allen.Zorn@faa.gov
Todd.Testa,Todd,Testa, todd.testa@faa.gov
Jeremy.Bingham,Jeremy,Bingham, jeremyb@dnfsb.gov
Debra.Britt,Debra,Britt, Debra.Britt@va.gov
Modupe.Igbafen,Modupe,Igbafen, modupe.igbafen@faa.gov
Martin.Powell,Martin,Powell, martin.powell@faa.gov
Anthony.Inniss,Anthony,Inniss, anthony.p-ctr.inniss@faa.gov
Ryan.Stevens,Ryan,Stevens, rstevens@usbr.gov
Misty.Agarwal,Misty,Agarwal, misty.l-ctr.agarwal@faa.gov
Jon-Paul.Faucher,Jon-Paul,Faucher, jon-paul.faucher@dot.gov
Jane.Kim,Jane,Kim, jane.kim@treasury.gov
David.Lonkart,David,Lonkart, david.lonkart@faa.gov
Jeremy.Schulze,Jeremy,Schulze, jeremy.schulze@faa.gov
Varnum.Bayless,Varnum,Bayless, varnum.m.bayless@faa.gov
Virginia.Ephraim,Virginia,Ephraim, virginia.ephraim@nlrb.gov
John.Miller,John,Miller, john_f_miller@nps.gov
Barbara.Halleck,Barbara,Halleck, barbara.halleck@faa.gov
Olaolu.Fayese,Olaolu,Fayese, OFAYESE@OSHRC.GOV
Patrick.hyle,Patrick,hyle, Patrick.hyle@FAA.GOV
Andrew.Baker,Andrew,Baker, Andrew.Baker@faa.gov
Amanda.Richardson,Amanda,Richardson, amanda.richardson@associates.hq.dhs.gov
Peter.Nguyen,Peter,Nguyen, peter.m.nguyen@faa.gov
Allison.Siau,Allison,Siau, allison.siau@faa.gov
Chris.Phillips,Chris,Phillips, chris.phillips@dot.gov
Gigi.Mathew,Gigi,Mathew, gigi.mathew-1@nasa.gov
Keemoy.Mitchell,Keemoy,Mitchell, keemoy.p.mitchell.ctr@nga.mil
David.Anderson,David,Anderson, david.k.anderson@faa.gov
Luis.Rivas,Luis,Rivas, luis.g-ctr.rivas@faa.gov
Christopher.Jenkins,Christopher,Jenkins, jenkins.christopher.o@dol.gov
Hamere.Belayneh,Hamere,Belayneh, hamere.ctr.belayneh@faa.gov
Desiree.Wilson,Desiree,Wilson, wilson.desiree@pbgc.gov
Royal.Purvis,Royal,Purvis, royal.purvis@faa.gov
Richard.Pierson,Richard,Pierson, richard.pierson@faa.gov
Adam.Pressman,Adam,Pressman, adam.ctr.pressman@faa.gov
gregory.taylor,gregory,taylor, gregory.taylor@faa.gov
Atul.Celly,Atul,Celly, atul.celly@faa.gov
Olanrewaju.Olafisoye,Olanrewaju,Olafisoye, o.olafisoye.ctr@dot.gov
Kristof.Preisner,Kristof,Preisner, kristof.preisner@faa.gov
Phillip.Addison,Phillip,Addison, phillip.addison@dot.gov
