Username,Firstname,lastname,Email
ABui,Angela,Bui, abui@usaid.gov
Hnikpoor,Hamid,Nikpoor, hamid.nikpoor@faa.gov
MAdams,Miguel,Adams, adamsmg@mcc.gov
TBeazer,Theresa,Beazer, theresa_beazer@ios.doi.gov
JMiller,Jayme,Miller, Jayme.miller@faa.gov
GAnand,Gagan,Anand, gagan.ctr.anand@faa.gov
WGonzalez,Will,Gonzalez, will.gonzalez@faa.gov
TOlagunju,Tayo,Olagunju, Tayo.Olagunju@faa.gov
ASumpter,Alfonso,Sumpter, sumpteras@state.gov
ELitulumar,Elloise,Litulumar, elloise.lotoc.ctr@dot.gov
LTabi,Lydia,Tabi, lydia.a-ctr.tabi@faa.gov
KClemons,Kerry,Clemons, Kerry.Clemons@dot.gov
JEdwards,Judson,Edwards, judson.ctr.edwards@faa.gov
MIslam,Mohammad,Islam, mohammad.islam@faa.gov
IPistryakov,Ilya,Pistryakov, ilya.pistryakov@faa.gov
VDeLaine,Valerie,DeLaine, valerie.delaine@faa.gov
DAli,Dominic,Ali, dom.ali@faa.gov
KFenlon,Katie,Fenlon, katie.ctr.fenlon@faa.gov
JLogan,John,Logan, john.w.logan@faa.gov
ASrinivasan,Anantha,Srinivasan, Anantha.CTR.Srinivasan@faa.gov
DMedaus,Don,Medaus, dieudonne.medaus@faa.gov
BBowersox,Bill,Bowersox, bill.bowersox@faa.gov
RKirkland,Ronald,Kirkland, ronald.ctr.kirkland@faa.gov
BHill,Beth,Hill, bshill2@tva.gov
HPierce,Harrison,Pierce, hpierce@sandiego.gov
RNewman,Randyll,Newman, randyll.e.newman@ncis.navy.mil
TMain-Valentin,Toni,Main-Valentin, toni.main-valentin@faa.gov
JMcCormick,Jan,McCormick, j1mccorm@blm.gov
SCassil,Steve,Cassil, steve.a-ctr.cassil@faa.gov
MKlotz,Mark,Klotz, mark.ctr.klotz@faa.gov
TRodriguez,Tatiana,Rodriguez, tatiana.ctr.rodriguez@faa.gov
PBoaheng,Priscilla,Boaheng, p.boaheng@osmre.gov
KWalker,Kim,Walker, kim.faulkner@faa.gov
MKhachab,Mohamad,Khachab, mohamad.y-ctr.khachab@faa.gov
MCahill,Matt,Cahill, mcahill@osmre.gov
SChukwueme,stella,chukwueme, stella.o-ctr.chukwueme@faa.gov
AChiang,Andrew,Chiang, andrew_chiang@doioig.gov
RStiltner,Ricky,Stiltner, rstiltner@osmre.gov
ODehinbo,Ope,Dehinbo, ope.dehinbo.ctr@dot.gov
MTalebian,Mahan,Talebian, mahan.talebian@treasury.gov
TWiles,Tori,Wiles, tori.ctr.wiles@faa.gov
MLaChapelle,Melanie,LaChapelle, mlachapelle@blm.gov
RGyebi,Randy,Gyebi, gyebi.randy.a@dol.gov
PBeagle,Patricia,Beagle, patricia.beagle@usda.gov
EEtchu,Egbe,Etchu, egbe.r.etchu.ctr@mail.mil
SLevin,Shanan,Levin, shanan.levin@faa.gov
ABrown,Andrew,Brown, andrew.brown@ed.gov
IAinoa,Ian,Ainoa, ainoa.ian@epa.gov
ABahramzadeh,Alex,Bahramzadeh, abahramzadeh@usbr.gov
APatel,Amit,Patel, amit.d-ctr.patel@faa.gov
TBonds,Todd,Bonds, todd.bonds@faa.gov
TMcKeever,Todd,McKeever, todd.r.mckeever@faa.gov
SSwamy,Simin,Swamy, Simin.S-CTR.Swamy@faa.gov
DOmorogbe,David,Omorogbe, david.omorogbe@nara.gov
TSeberger,Thomas,Seberger, tom.seberger@faa.gov
MTaniguchi,Michael,Taniguchi, Michael.taniguchi@faa.gov
BLucas,Beth,Lucas, lucas.beth@epa.gov
KChapman,Keith,Chapman, kchapman@osmre.gov
CEscobar,Camilo,Escobar, Camilo.Escobar@associates.hq.dhs.gov
GEvans,Garry,Evans, Garry.ctr.evans@fa.gov
EHarrison,Etienne,Harrison, etienne.j-ctr.harrison@faa.gov
KLaude,Kevin,Laude, kevin.laude@faa.gov
TFletcher,Terry,Fletcher, terry.j.fletcher@faa.gov
JGauntt,John,Gauntt, john.ctr.gauntt@faa.gov
DLykins,Daniel,Lykins, daniel.j.lykins@faa.gov
TRhodes,Ted,Rhodes, ted.rhodes@faa.gov
EFrager,Ezra,Frager, ezra.frager@hhs.gov
WTischler,William,Tischler, william.tischler@hq.dhs.gov
RNewell,Raymond,Newell, Raymond.H-CTR.Newell@faa.gov
KKim,Kyunghyun,Kim, kyunghyun.ctr.kim@faa.gov
CMalitsky,Chris,Malitsky, christopher.malitsky@faa.gov
JArpino,Jason,Arpino, jason.ctr.arpino@faa.gov
LSanton,Linda,Santon, Linda.Santon@faa.gov
DDaleo,Deborah,Daleo, Deborah.Daleo@faa.gov
ALopez,Al,Lopez, Alfred.Lopez@bia.gov
RMoises,Russell,Moises, Russell.CTR.Moises@faa.gov
OWeiss,Oren,Weiss, oren.weiss@faa.gov
RCreamer,Robert,Creamer, robert.f.creamer@faa.gov
AMessaoudi,Amine,Messaoudi, amine.messaoudi@va.gov
DDemshock,Donovan,Demshock, donovan.ctr.demshock@faa.gov
CByers,Chrisshawna,Byers, chrisshawna.byers@associates.hq.dhs.gov
JSalisbury,Joseph,Salisbury, jsalisbury@fec.gov
MVelamati,Madhu,Velamati, Madhu.CTR.Velamati@faa.gov
SKrishnan,Selvi,Krishnan, selvi.ctr.krishnan@faa.gov
DDao,Drissa,Dao, drissa.ctr.dao@faa.gov
PFarley,Preston,Farley, preston.l.farley@faa.gov
JLevy,Jeff,Levy, jeff_levy@nps.gov
Lngo,linh,ngo, linh.ngo@faa.gov
RSantos,Ricardo,Santos, ricardo.santos@hq.dhs.gov
TMullen,Terrance,Mullen, terrance.mullen@bia.gov
MMuuya,Muuya,Muuya, muuya.k-ctr.muuya@faa.gov
AZorn,Allen,Zorn, Allen.Zorn@faa.gov
TTesta,Todd,Testa, todd.testa@faa.gov
JBingham,Jeremy,Bingham, jeremyb@dnfsb.gov
DBritt,Debra,Britt, Debra.Britt@va.gov
MIgbafen,Modupe,Igbafen, modupe.igbafen@faa.gov
MPowell,Martin,Powell, martin.powell@faa.gov
AInniss,Anthony,Inniss, anthony.p-ctr.inniss@faa.gov
RStevens,Ryan,Stevens, rstevens@usbr.gov
MAgarwal,Misty,Agarwal, misty.l-ctr.agarwal@faa.gov
JFaucher,Jon-Paul,Faucher, jon-paul.faucher@dot.gov
JKim,Jane,Kim, jane.kim@treasury.gov
DLonkart,David,Lonkart, david.lonkart@faa.gov
JSchulze,Jeremy,Schulze, jeremy.schulze@faa.gov
VBayless,Varnum,Bayless, varnum.m.bayless@faa.gov
VEphraim,Virginia,Ephraim, virginia.ephraim@nlrb.gov
JMiller,John,Miller, john_f_miller@nps.gov
BHalleck,Barbara,Halleck, barbara.halleck@faa.gov
OFayese,Olaolu,Fayese, OFAYESE@OSHRC.GOV
Phyle,Patrick,hyle, Patrick.hyle@FAA.GOV
ABaker,Andrew,Baker, Andrew.Baker@faa.gov
ARichardson,Amanda,Richardson, amanda.richardson@associates.hq.dhs.gov
PNguyen,Peter,Nguyen, peter.m.nguyen@faa.gov
ASiau,Allison,Siau, allison.siau@faa.gov
CPhillips,Chris,Phillips, chris.phillips@dot.gov
GMathew,Gigi,Mathew, gigi.mathew-1@nasa.gov
KMitchell,Keemoy,Mitchell, keemoy.p.mitchell.ctr@nga.mil
DAnderson,David,Anderson, david.k.anderson@faa.gov
LRivas,Luis,Rivas, luis.g-ctr.rivas@faa.gov
CJenkins,Christopher,Jenkins, jenkins.christopher.o@dol.gov
HBelayneh,Hamere,Belayneh, hamere.ctr.belayneh@faa.gov
DWilson,Desiree,Wilson, wilson.desiree@pbgc.gov
RPurvis,Royal,Purvis, royal.purvis@faa.gov
RPierson,Richard,Pierson, richard.pierson@faa.gov
APressman,Adam,Pressman, adam.ctr.pressman@faa.gov
Gtaylor,gregory,taylor, gregory.taylor@faa.gov
ACelly,Atul,Celly, atul.celly@faa.gov
OOlafisoye,Olanrewaju,Olafisoye, o.olafisoye.ctr@dot.gov
KPreisner,Kristof,Preisner, kristof.preisner@faa.gov
PAddison,Phillip,Addison, phillip.addison@dot.gov
