,CDM141 Introduction the CDM Agency Dashboard,
,Name,Email
1, Angela Bui, abui@usaid.gov
2, Hamid Nikpoor, hamid.nikpoor@faa.gov
3, Miguel Adams, adamsmg@mcc.gov
4, Theresa Beazer, theresa_beazer@ios.doi.gov
5, Jayme Miller, Jayme.miller@faa.gov
6, Gagan Anand, gagan.ctr.anand@faa.gov
7, Will Gonzalez, will.gonzalez@faa.gov
8, Tayo Olagunju, Tayo.Olagunju@faa.gov
9, Alfonso Sumpter, sumpteras@state.gov
10, Elloise Dana Litulumar, elloise.lotoc.ctr@dot.gov
11, Lydia Tabi, lydia.a-ctr.tabi@faa.gov
12, Kerry Clemons, Kerry.Clemons@dot.gov
13, Judson Edwards, judson.ctr.edwards@faa.gov
14, Mohammad Anwar Islam, mohammad.islam@faa.gov
15, Ilya Pistryakov, ilya.pistryakov@faa.gov
16, Valerie DeLaine, valerie.delaine@faa.gov
17, Dominic Ali, dom.ali@faa.gov
18, Katie Fenlon, katie.ctr.fenlon@faa.gov
19, John Logan, john.w.logan@faa.gov
20, Anantha Srinivasan, Anantha.CTR.Srinivasan@faa.gov
21, Don Medaus, dieudonne.medaus@faa.gov
22, Bill Bowersox, bill.bowersox@faa.gov
23, Ronald Kirkland, ronald.ctr.kirkland@faa.gov
24, Beth Hill, bshill2@tva.gov
25, Harrison Pierce, hpierce@sandiego.gov
26, Randyll Newman, randyll.e.newman@ncis.navy.mil
27, Toni Main-Valentin, toni.main-valentin@faa.gov
28, Jan McCormick, j1mccorm@blm.gov
29, Steve Cassil, steve.a-ctr.cassil@faa.gov
30, Mark Klotz, mark.ctr.klotz@faa.gov
31, Tatiana Rodriguez, tatiana.ctr.rodriguez@faa.gov
32, Priscilla Boaheng, p.boaheng@osmre.gov
33, Kim Faulkner Walker, kim.faulkner@faa.gov
34, Mohamad Khachab, mohamad.y-ctr.khachab@faa.gov
35, Matt Cahill, mcahill@osmre.gov
36, stella chukwueme, stella.o-ctr.chukwueme@faa.gov
37, Andrew Chiang, andrew_chiang@doioig.gov
38, Ricky Stiltner, rstiltner@osmre.gov
39, Ope Dehinbo, ope.dehinbo.ctr@dot.gov
40, Mahan Talebian, mahan.talebian@treasury.gov
41, Tori Wiles, tori.ctr.wiles@faa.gov
42, Melanie LaChapelle, mlachapelle@blm.gov
43, Randy Gyebi, gyebi.randy.a@dol.gov
44, Patricia Beagle , patricia.beagle@usda.gov
45, Egbe Etchu, egbe.r.etchu.ctr@mail.mil
46, Shanan Levin, shanan.levin@faa.gov
47, Andrew Brown, andrew.brown@ed.gov
48, Ian Ainoa, ainoa.ian@epa.gov
49, Alex  Bahramzadeh, abahramzadeh@usbr.gov
50, Amit Patel, amit.d-ctr.patel@faa.gov
51, Todd Bonds, todd.bonds@faa.gov
52, Todd McKeever, todd.r.mckeever@faa.gov
53, Simin Swamy, Simin.S-CTR.Swamy@faa.gov
54, David  Omorogbe, david.omorogbe@nara.gov
55, Thomas Seberger, tom.seberger@faa.gov
56, Michael Taniguchi, Michael.taniguchi@faa.gov
57, Beth Lucas, lucas.beth@epa.gov
58, Keith Chapman, kchapman@osmre.gov
59, Camilo Escobar, Camilo.Escobar@associates.hq.dhs.gov
60, Garry Evans II, Garry.ctr.evans@fa.gov
61, Etienne Harrison, etienne.j-ctr.harrison@faa.gov
62, Kevin Laude, kevin.laude@faa.gov
63, Terry Fletcher, terry.j.fletcher@faa.gov
64, John Gauntt, john.ctr.gauntt@faa.gov
65, Daniel Lykins, daniel.j.lykins@faa.gov
66, Ted Rhodes, ted.rhodes@faa.gov
67, Ezra Frager, ezra.frager@hhs.gov
68, William Tischler, william.tischler@hq.dhs.gov
69, Raymond Newell, Raymond.H-CTR.Newell@faa.gov
70, Kyunghyun Kim, kyunghyun.ctr.kim@faa.gov
71, Chris Malitsky, christopher.malitsky@faa.gov
72, Jason Arpino, jason.ctr.arpino@faa.gov
73, Linda Santon, Linda.Santon@faa.gov
74, Deborah Daleo, Deborah.Daleo@faa.gov
75, Al Lopez, Alfred.Lopez@bia.gov
76, Russell Moises, Russell.CTR.Moises@faa.gov
77, Oren Weiss, oren.weiss@faa.gov
78, Robert Creamer, robert.f.creamer@faa.gov
79, Amine  Messaoudi, amine.messaoudi@va.gov
80, Donovan Demshock, donovan.ctr.demshock@faa.gov
81, Chrisshawna Byers, chrisshawna.byers@associates.hq.dhs.gov
82, Joseph Salisbury, jsalisbury@fec.gov
83, Madhu Velamati, Madhu.CTR.Velamati@faa.gov
84, Selvi Krishnan, selvi.ctr.krishnan@faa.gov
85, Drissa Dao, drissa.ctr.dao@faa.gov
86, Preston Farley, preston.l.farley@faa.gov
87, Jeff Levy, jeff_levy@nps.gov
88, linh ngo, linh.ngo@faa.gov
89, Ricardo Santos, ricardo.santos@hq.dhs.gov
90, Terrance Mullen, terrance.mullen@bia.gov
91, Muuya Muuya, muuya.k-ctr.muuya@faa.gov
92, Allen Zorn, Allen.Zorn@faa.gov
93, Todd Testa, todd.testa@faa.gov
94, Jeremy Bingham, jeremyb@dnfsb.gov
95, Debra Britt, Debra.Britt@va.gov
96, Modupe Igbafen, modupe.igbafen@faa.gov
97, Martin Powell, martin.powell@faa.gov
98, Anthony Inniss, anthony.p-ctr.inniss@faa.gov
99, Ryan  Stevens, rstevens@usbr.gov
100, Misty Agarwal, misty.l-ctr.agarwal@faa.gov
101, Jon-Paul Faucher, jon-paul.faucher@dot.gov
102, Jane Kim, jane.kim@treasury.gov
103, David Lonkart, david.lonkart@faa.gov
104, Jeremy Schulze, jeremy.schulze@faa.gov
105, Varnum Bayless, varnum.m.bayless@faa.gov
106, Virginia Ephraim, virginia.ephraim@nlrb.gov
107, John Miller, john_f_miller@nps.gov
108, Barbara Halleck, barbara.halleck@faa.gov
109, Olaolu Fayese, OFAYESE@OSHRC.GOV
110, Patrick hyle, Patrick.hyle@FAA.GOV
111, Andrew Baker, Andrew.Baker@faa.gov
112, Amanda Richardson, amanda.richardson@associates.hq.dhs.gov
113, Peter Nguyen, peter.m.nguyen@faa.gov
114, Allison Siau, allison.siau@faa.gov
115, Chris Phillips, chris.phillips@dot.gov
116, Gigi Mathew, gigi.mathew-1@nasa.gov
117, Keemoy Mitchell, keemoy.p.mitchell.ctr@nga.mil
118, David Anderson, david.k.anderson@faa.gov
119, Luis Rivas, luis.g-ctr.rivas@faa.gov
120, Christopher Jenkins, jenkins.christopher.o@dol.gov
121, Hamere Belayneh, hamere.ctr.belayneh@faa.gov
122, Desiree Wilson, wilson.desiree@pbgc.gov
123, Royal Purvis, royal.purvis@faa.gov
124, Richard Pierson, richard.pierson@faa.gov
125, Adam Pressman, adam.ctr.pressman@faa.gov
126, gregory taylor, gregory.taylor@faa.gov
127, Atul Celly, atul.celly@faa.gov
128, Olanrewaju Olafisoye, o.olafisoye.ctr@dot.gov
129, Kristof Preisner, kristof.preisner@faa.gov
130, Phillip Addison, phillip.addison@dot.gov
